{
 "cols": 92,
 "rows": 57,
 "px": 16,
 "K": 16,
 "C": 20,
 "idx": 59,
 "nsym": 32,
 "pc_err": 0.0,
 "Hinv": [
  0.9638044625327346,
  -0.003064396503401307,
  36.13196384783303,
  0.01936724567663167,
  0.9611808622387205,
  267.8781991138566,
  1.1258722320411259e-05,
  9.793655607488775e-06,
  1.0031539157462388
 ]
}